region,model,MEC,AE,lifetime,inv_lifetime,precip,AOD
africa,CAM5-ATRAS_AP3-CTRL,4578.29524113639,1.6167111260030382,3.8417488158563504,0.26029812148900044,0.7229889387036927,0.36335202812620754
africa,CAM5.3-Oslo_AP3-CTRL2016-PD,4840.1592373155245,0.8286586081984919,16.360633697798885,0.061122326828607944,0.7905730606507901,0.33582758184081507
africa,CAM5_CTRL2016,5365.747079765912,,120.12847609903648,0.008324420923941287,0.34066604337102174,0.2122754657114618
africa,EC-Earth3-AerChem-met2010_AP3-CTRL2019,5163.127294979694,1.3200795446798683,52.61417979006835,0.019006283172901685,0.47325940505870384,0.3274060085687135
africa,ECHAM6.3-HAM2.3-met2010_AP3-CTRL,4502.344990703929,1.4990814911455477,10.82447230450807,0.09238325637209398,0.3770453369602601,0.20210741363535928
africa,ECHAM6.3-SALSA2.0-met2010_AP3-CTRL,5284.147562057726,1.333720766494451,10.72654744639803,0.09322664212293207,0.12243076932910707,0.260775627054622
africa,GFDL-AM4-met2010_AP3-CTRL,7243.238615646731,1.1127126851201354,40.20447177368208,0.024872855080130707,0.7865747801582734,0.2842425551056394
africa,GISS-ModelE2p1p1-MATRIX_AP3-CTRL-2010,11832.587697183451,1.4869454032434664,13.794892064572775,0.0724905998045567,0.8140476386165111,0.4348277463131507
africa,GISS-ModelE2p1p1-OMA_AP3-CTRL-2010,16195.704258103033,0.43079415116246567,5.665042820065576,0.1765211723480714,0.9423611405403867,0.6339205288285716
africa,INCA_AP3-CTRL,5111.823924488206,0.49130025383783804,19.20176023799794,0.05207855881988996,1.121638511886534,0.22598395368386612
africa,MIROC-SPRINTARS_AP3-CTRL,10954.688035736153,0.8252336081182116,6.2256056082643845,0.16062694345310233,3.3492588242359242,0.618313996473008
africa,NorESM2-met2010_AP3-CTRL,4101.177611511765,1.407357856236068,21.85702698855184,0.04575187652574043,0.5751225020254733,0.33724987490385405
africa,TM5-met2010_AP3-CTRL2019,4841.515967198219,1.4472604101932367,50.5902762979687,0.01976664436679805,1.069504251402035,0.2895128955266581
africa,TM5_AP3-CTRL2016,4550.450110536724,1.574402748292793,9.343289682971193,0.10702868410711602,1.069504251402035,0.2686201000680883
amazon,CAM5-ATRAS_AP3-CTRL,4259.187910056437,1.5702584646939228,6.485048002794191,0.15420086321167298,2.0452351822492005,0.3416578901275411
amazon,CAM5.3-Oslo_AP3-CTRL2016-PD,3835.5207442316123,0.9354122902763177,39.39805449025201,0.02538196398117636,1.522214293267985,0.3217315026760766
amazon,CAM5_CTRL2016,9529.374318385791,,162.49590315336187,0.006154001304612651,1.5924121425304951,0.25052010102255845
amazon,EC-Earth3-AerChem-met2010_AP3-CTRL2019,5118.9123617192845,1.1454441684150396,95.9694533177411,0.010419982248821855,0.9402319684152556,0.41199173340164486
amazon,ECHAM6.3-HAM2.3-met2010_AP3-CTRL,3471.8907060732304,1.387459762356345,12.461745437503918,0.08024558076675811,1.5461412237357737,0.18609186920678866
amazon,ECHAM6.3-SALSA2.0-met2010_AP3-CTRL,4406.371867612553,1.2181571443678374,11.703399506562265,0.08544525882751294,0.6520908765184363,0.2779735329276269
amazon,GFDL-AM4-met2010_AP3-CTRL,7161.1289684346775,1.134681734262966,68.47736626008246,0.014603365383562224,1.288737373825953,0.3646897201525601
amazon,GISS-ModelE2p1p1-MATRIX_AP3-CTRL-2010,9892.254796855814,1.4131498382262369,33.25195647334887,0.03007341841077804,2.1400370077187656,0.46560358658798245
amazon,GISS-ModelE2p1p1-OMA_AP3-CTRL-2010,13880.115273070767,0.4159077600196742,11.60687708170999,0.08615581891323643,2.2124942775614658,0.6717734930063806
amazon,INCA_AP3-CTRL,5283.171000021912,0.4949502147492304,32.98825068694262,0.030313823230275715,2.1270423562093868,0.26088393751779987
amazon,MIROC-SPRINTARS_AP3-CTRL,8979.60152364012,0.8762195868672291,6.099549300495547,0.16394653944657137,2.5070044926594743,0.5682027366452042
amazon,NorESM2-met2010_AP3-CTRL,4079.601139957224,1.5915871787110087,41.54942760592773,0.02406772024597838,1.1690361970851502,0.4447600145032267
amazon,TM5-met2010_AP3-CTRL2019,4795.2155741762335,1.3463241596044435,85.52292576899511,0.011692771160578479,2.8960835669547755,0.3139036191486686
amazon,TM5_AP3-CTRL2016,4897.692559496075,1.4552726803141223,9.846625315586055,0.1015576370532874,2.8960835669547755,0.37785390384324646
outflow_af,CAM5-ATRAS_AP3-CTRL,5032.349915432309,1.3672771275873208,10.250738317873422,0.09755394870010262,0.3279149000350192,0.5220247945513963
outflow_af,CAM5.3-Oslo_AP3-CTRL2016-PD,5783.584313465953,0.5216355224594176,19.676227940499864,0.050822749310689044,0.4081146250557113,0.3967075681197536
outflow_af,CAM5_CTRL2016,4895.528281199135,2.1211876590660728,276.58283127031615,0.0036155534145308446,0.4654782150714474,0.29040928178073605
outflow_af,EC-Earth3-AerChem-met2010_AP3-CTRL2019,5234.893317031396,1.0301058551488693,4.238763296875283,0.23591786801050593,0.5386061085216696,0.341076844480703
outflow_af,ECHAM6.3-HAM2.3-met2010_AP3-CTRL,5743.594805574131,0.9708286239787656,6.571347124657736,0.15217579912156662,0.3134027028331607,0.29166966875937583
outflow_af,ECHAM6.3-SALSA2.0-met2010_AP3-CTRL,5696.0402952029835,1.076580513259748,8.750318877659774,0.11428154950479298,0.1572784499758304,0.28930095998161764
outflow_af,GFDL-AM4-met2010_AP3-CTRL,6661.35966291117,0.8754341628569859,3.07682762017712,0.32501008293159894,0.5032118732001816,0.3196959152029658
outflow_af,GISS-ModelE2p1p1-MATRIX_AP3-CTRL-2010,7931.187941536073,0.8051154948418912,8.889515950065164,0.11249206431680564,0.5680566902141282,0.33920411612000456
outflow_af,GISS-ModelE2p1p1-OMA_AP3-CTRL-2010,12114.698432596688,0.37368155002592596,10.216064448145888,0.09788505202524343,0.6364034953273886,0.44222535661161155
outflow_af,INCA_AP3-CTRL,4288.3803288066565,0.33378635036695375,5.5607177320185315,0.17983290074984648,0.2831004246692935,0.2038865488056708
outflow_af,MIROC-SPRINTARS_AP3-CTRL,4211.968578147957,0.9305972166929297,8.219212107740308,0.12166616299611814,0.6379467975334008,0.1949667472406737
outflow_af,NorESM2-met2010_AP3-CTRL,5706.363156052844,0.938236252441531,18.524690818085574,0.05398200757141406,0.17284041903086647,0.4271780085987339
outflow_af,TM5-met2010_AP3-CTRL2019,5115.180928681304,1.1260241483837181,3.6184464249930617,0.2763616985159363,0.7701698587490217,0.3001788943581959
outflow_af,TM5_AP3-CTRL2016,4845.148160447096,1.174793476058925,2.9704738089682383,0.33664663091149727,0.7701698587490217,0.275777374115579
se_asia,CAM5-ATRAS_AP3-CTRL,4704.513024079024,1.2237878156159956,3.9712181536389624,0.25181190287510796,6.689239171209303,0.09346701233794252
se_asia,CAM5.3-Oslo_AP3-CTRL2016-PD,7385.077927610827,0.6900657950253106,7.706047971825132,0.1297682033198083,6.664941010615922,0.29833338655695657
se_asia,CAM5_CTRL2016,7731.638011898378,,37.854149691138794,0.026417183007919686,5.590205437050855,0.15350711314579024
se_asia,EC-Earth3-AerChem-met2010_AP3-CTRL2019,5927.661072805499,1.0709029047030731,36.39551632766944,0.027475911895217624,5.201301115964528,0.2266195929948487
se_asia,ECHAM6.3-HAM2.3-met2010_AP3-CTRL,5695.621739915982,1.092018325190878,7.746972176837289,0.12908268897491396,4.099960563842582,0.160154711283279
se_asia,ECHAM6.3-SALSA2.0-met2010_AP3-CTRL,5358.096585550222,1.1186951079623957,7.309677420597195,0.1368049426069339,2.419405522401247,0.1660325521035053
se_asia,GFDL-AM4-met2010_AP3-CTRL,7900.762483039748,0.872965819915495,28.153745788562635,0.03551925230518515,5.0046747218517424,0.19556195319763073
se_asia,GISS-ModelE2p1p1-MATRIX_AP3-CTRL-2010,18565.36015002793,1.389108336027461,8.065506914905516,0.123984767547833,7.013991219764019,0.2902391884050448
se_asia,GISS-ModelE2p1p1-OMA_AP3-CTRL-2010,19844.979300693565,0.27487153991683744,3.7910055762817403,0.26378225509781783,7.302840105925718,0.2496429326596318
se_asia,INCA_AP3-CTRL,6975.481759469594,0.3233228803786379,15.44782048087523,0.06473405107458517,8.723883139414271,0.1548793618777954
se_asia,MIROC-SPRINTARS_AP3-CTRL,14349.539787833708,0.8806027228434646,5.01392668405953,0.19944447994806921,8.288563280748763,0.25554977120289507
se_asia,NorESM2-met2010_AP3-CTRL,5861.328643601832,1.4513286769205433,24.54689206277192,0.04073835487778963,7.108685265831999,0.17735507717346094
se_asia,TM5-met2010_AP3-CTRL2019,5436.85305873898,1.2430532705220874,28.634692384118093,0.03492267304937554,6.77236738135454,0.1712514528640835
se_asia,TM5_AP3-CTRL2016,5051.567797692757,1.426243124043939,4.382300444823711,0.22819065296656707,6.77236738135454,0.13061804052001286
boreal_na,CAM5-ATRAS_AP3-CTRL,3333.6394869211363,2.0249245781733514,6.672571635496418,0.14986725577890378,2.348466078706778,0.049073166148378165
boreal_na,CAM5.3-Oslo_AP3-CTRL2016-PD,7148.077756582342,0.6675535388716679,10.635852553824364,0.09402161180209546,2.176891907991766,0.10353566721516687
boreal_na,CAM5_CTRL2016,8635.389144865694,,89.09376021010736,0.01122413059726885,2.1580339307352023,0.0742965865720499
boreal_na,EC-Earth3-AerChem-met2010_AP3-CTRL2019,5692.206185844431,1.4277259575762873,65.55020792481069,0.015255481739234895,2.3431547657613554,0.15873595340016847
boreal_na,ECHAM6.3-HAM2.3-met2010_AP3-CTRL,3175.191028563189,1.9118016016794144,12.133725232642917,0.08241492046562392,3.1391819323589694,0.057206969016308486
boreal_na,ECHAM6.3-SALSA2.0-met2010_AP3-CTRL,4818.138759636918,1.8257682363871703,10.398337067327708,0.09616922335996099,1.2902643584829294,0.09996342289913736
boreal_na,GFDL-AM4-met2010_AP3-CTRL,9679.426746404033,1.0252580530082722,75.5699175197451,0.01323277876727492,2.8668477474827707,0.18842031998504152
boreal_na,GISS-ModelE2p1p1-MATRIX_AP3-CTRL-2010,12484.41163593621,1.6788817538666916,57.97401635261199,0.017249106805327374,1.4379865964573149,0.26343219947355984
boreal_na,GISS-ModelE2p1p1-OMA_AP3-CTRL-2010,11463.304728420408,0.6358728257859543,9.819913152782165,0.10183389450004263,1.4957759650810682,0.2245552379767315
boreal_na,INCA_AP3-CTRL,5581.900075426566,0.5112035900808124,60.79520049050353,0.016448666867316348,2.547377974348357,0.12542445283801384
boreal_na,MIROC-SPRINTARS_AP3-CTRL,10037.81582731681,0.7635575155196418,20.350414195861536,0.04913904898325658,2.1924236622902478,0.3553755624766848
boreal_na,NorESM2-met2010_AP3-CTRL,5189.581599314962,1.5182650997685858,73.29159932212342,0.013644128511985482,2.5088135885843403,0.17042892261430298
boreal_na,TM5-met2010_AP3-CTRL2019,5071.74985534152,1.4949248067793535,66.79256271573773,0.014971726781257024,2.5053093900605536,0.16527126453123073
boreal_na,TM5_AP3-CTRL2016,5301.218432321272,1.5509663176287216,10.023056790993069,0.09976996248276486,2.5053093900605536,0.23768387123156856
eastern_siberia,CAM5-ATRAS_AP3-CTRL,4284.488510690756,1.776137842402741,8.652617504386063,0.11557196414762286,3.5631451831746856,0.039855990025419126
eastern_siberia,CAM5.3-Oslo_AP3-CTRL2016-PD,7213.2740906845875,0.6612408943069711,15.753501782520939,0.06347795009675468,2.436085316953094,0.2080600258170014
eastern_siberia,CAM5_CTRL2016,4787.5534769046,,178.41161837571423,0.0056050161368645605,3.1461191091729037,0.07791489913600373
eastern_siberia,EC-Earth3-AerChem-met2010_AP3-CTRL2019,6045.591532654462,1.2609800103653808,75.78423408399544,0.013195356687139573,3.206483037770177,0.15126766389143184
eastern_siberia,ECHAM6.3-HAM2.3-met2010_AP3-CTRL,5266.361530828598,1.616442644169398,23.163133972536556,0.04317205094896283,4.471327717263599,0.06341380273137903
eastern_siberia,ECHAM6.3-SALSA2.0-met2010_AP3-CTRL,5280.046438239569,1.690963344086578,23.055026212031482,0.043374489831555285,1.6314302063073454,0.09126426058097088
eastern_siberia,GFDL-AM4-met2010_AP3-CTRL,11238.991832654969,0.8857373187066032,70.46901148171474,0.014190634705575222,3.4148938916705376,0.18326141661842896
eastern_siberia,GISS-ModelE2p1p1-MATRIX_AP3-CTRL-2010,16113.738530476388,1.425730320128738,32.76651792219589,0.03051895847994897,2.892891253675407,0.23353544812689359
eastern_siberia,GISS-ModelE2p1p1-OMA_AP3-CTRL-2010,17395.800902361614,0.44410463019066804,8.45921812796798,0.11821423503595288,2.8725829104311775,0.23281311682081848
eastern_siberia,INCA_AP3-CTRL,4382.505603144017,0.3999034411837676,56.45006859584214,0.01771477032489657,3.610070957168045,0.12165314180405326
eastern_siberia,MIROC-SPRINTARS_AP3-CTRL,8177.2261154108355,0.8300222270582118,76.12325765966278,0.013136589667127363,3.4408532757240855,0.22325666705019784
eastern_siberia,NorESM2-met2010_AP3-CTRL,4595.887018597158,1.3999825199363332,66.04335627328247,0.015141568454850702,3.7296978418771394,0.1118692116813268
eastern_siberia,TM5-met2010_AP3-CTRL2019,5356.216631137958,1.3257312485835622,75.96562685101507,0.013163848459530452,2.6812625494812665,0.16135686179289793
eastern_siberia,TM5_AP3-CTRL2016,5289.593962351587,1.4682628007454113,17.824242059541568,0.05610336734990007,2.6812625494812665,0.21084908858376206
west_russia,CAM5-ATRAS_AP3-CTRL,5515.605435328354,1.6559578636517047,6.3639884026050995,0.15713416441655517,1.0567614923398256,0.14925361639372137
west_russia,CAM5.3-Oslo_AP3-CTRL2016-PD,5782.292876291713,0.45603508360429823,19.744505621194612,0.05064700120556862,1.456086996462429,0.24072792898905143
west_russia,CAM5_CTRL2016,3460.9819880998703,,53.40942723666707,0.018723286351093313,1.2470073595182094,0.11849403464442437
west_russia,EC-Earth3-AerChem-met2010_AP3-CTRL2019,5082.53952895382,1.2076832665097914,53.81332121465167,0.018582759387980898,1.44010620139072,0.193251116436686
west_russia,ECHAM6.3-HAM2.3-met2010_AP3-CTRL,6342.823943426164,1.3437521804972583,15.379711882387218,0.06502072390219454,0.9675506795012659,0.09839603193408834
west_russia,ECHAM6.3-SALSA2.0-met2010_AP3-CTRL,6314.021390140802,1.290600404403222,16.90421461838107,0.05915684476181662,0.43576500139575747,0.12931686460282033
west_russia,GFDL-AM4-met2010_AP3-CTRL,10419.033993680201,0.8443661922540324,41.11166634658787,0.024323995811057576,1.4457690022833918,0.20433039862550081
west_russia,GISS-ModelE2p1p1-MATRIX_AP3-CTRL-2010,17272.863666453606,1.1899848923342295,20.826170105807876,0.04801650975284823,1.4520295367500433,0.25949052185459975
west_russia,GISS-ModelE2p1p1-OMA_AP3-CTRL-2010,22724.366892795017,0.29940918111807185,8.714218171809295,0.11475498780085906,1.5212511154031536,0.2968320314412225
west_russia,INCA_AP3-CTRL,3174.7200008031086,0.3428819315283369,49.5763656521188,0.020170901736062653,1.2021863927169254,0.16734199999370025
west_russia,MIROC-SPRINTARS_AP3-CTRL,3893.4661808387245,0.8135489825115176,48.65736044681342,0.020551875211009114,1.4571240251528517,0.23407797914383863
west_russia,NorESM2-met2010_AP3-CTRL,3535.3785331375043,1.0362416711590732,63.89784190006101,0.01564998081725582,1.358841641405955,0.1792828164588171
west_russia,TM5-met2010_AP3-CTRL2019,4819.938496641149,1.2487579784141958,60.83285281665468,0.016438486010411504,1.5357253177685197,0.2033327213205141
west_russia,TM5_AP3-CTRL2016,5044.870246669394,1.421443950345282,13.897905477207825,0.07195328833110658,1.5357253177685197,0.21659164243701523
boreal_na_west,CAM5-ATRAS_AP3-CTRL,3298.0590876330407,2.0290258505310597,6.559887430783321,0.15244164027988347,2.3148570294505273,0.041340810276208284
boreal_na_west,CAM5.3-Oslo_AP3-CTRL2016-PD,7420.798654886665,0.6746630867805347,9.49133700927348,0.10535923432314681,2.222374815469219,0.11641684775915592
boreal_na_west,CAM5_CTRL2016,9287.225582624615,,93.3807457291048,0.010708845728229402,2.084795741981407,0.08248323191106191
boreal_na_west,EC-Earth3-AerChem-met2010_AP3-CTRL2019,5802.974359746902,1.4251755681145744,62.6825771297039,0.01595339639483524,2.4415086523646456,0.15099143650440328
boreal_na_west,ECHAM6.3-HAM2.3-met2010_AP3-CTRL,3178.986185164835,1.9232035438514705,9.701710437045284,0.10307460797650402,3.0484369374568967,0.05533197087470254
boreal_na_west,ECHAM6.3-SALSA2.0-met2010_AP3-CTRL,4809.409321157496,1.8428530686672793,8.49810677332616,0.11767326849067111,1.2426488290328084,0.0961121685265841
boreal_na_west,GFDL-AM4-met2010_AP3-CTRL,9700.174123588673,1.0309104336592796,74.46539883415005,0.013429055852197988,2.885297310486908,0.1776261034393823
boreal_na_west,GISS-ModelE2p1p1-MATRIX_AP3-CTRL-2010,12473.88901968824,1.68558964645531,60.78180602229512,0.016452291655058657,1.4855830484114385,0.24934608623889562
boreal_na_west,GISS-ModelE2p1p1-OMA_AP3-CTRL-2010,11128.601973667794,0.6369782735469087,9.76901234626194,0.10236449341602527,1.5473279077747466,0.2071090361149605
boreal_na_west,INCA_AP3-CTRL,5519.703953622655,0.5065757379542634,68.9051425770243,0.01451270489546073,2.666105509817603,0.11881702622422995
boreal_na_west,MIROC-SPRINTARS_AP3-CTRL,10772.373342191442,0.7417493582296872,14.47232053185883,0.06909741929766115,2.234599974296419,0.3488707835516965
boreal_na_west,NorESM2-met2010_AP3-CTRL,5307.647596378938,1.535624595769012,71.91693214860801,0.013904931288415025,2.5226301097145627,0.16334279738283247
boreal_na_west,TM5-met2010_AP3-CTRL2019,5152.814802081269,1.5090170097664573,65.94155595101434,0.015164943950410646,2.713895708038614,0.1534561152813007
boreal_na_west,TM5_AP3-CTRL2016,5280.9104040532275,1.5674048395506162,8.722481135661983,0.11464627832916557,2.713895708038614,0.21519386310791863
