region,model,MEC,AE,lifetime,inv_lifetime,precip,AOD,ensemble
africa,ECMWF-IFS-CY42R1-CAMS-RA-CTRL_AP3-CTRL2016-PD,4800.35612447548,1.3073187407575773,7.872071993059278,0.12703135856502445,0.6752117039942023,0.38072515807769103,paper
africa,TM5_AP3-CTRL2016,4885.166879699091,1.574402748292793,12.459561449700729,0.08025964670080898,1.069504251402035,0.2686201000680883,paper
africa,INCA_AP3-CTRL,5341.172510469473,0.49130025383783804,6.961219743792608,0.14365298565552545,1.121638511886534,0.22598395368386612,paper
africa,SPRINTARS-T213_AP3-CTRL2016-PD,4052.7673848182662,0.616749800507209,14.88590131319492,0.067177658843781,0.029839194728405696,0.21568839836197645,paper
africa,TM5-met2010_AP3-CTRL2019,5102.077592592908,1.4472604101932367,11.796515796688514,0.08477079310831062,1.069504251402035,0.2895128955266581,paper
amazon,ECHAM6-SALSA_CTRL2016-PD,4221.9865432379775,1.5421444219206235,12.165857880501187,0.08219724493105815,1.7152161974549553,0.4719516102498206,paper
amazon,ECMWF-IFS-CY42R1-CAMS-RA-CTRL_AP3-CTRL2016-PD,5591.538776527298,1.272827857357991,4.525956893188158,0.22094775173512174,2.540520111624233,0.3141654422415659,paper
amazon,TM5_AP3-CTRL2016,5410.529384665469,1.4552726803141223,8.606075917730422,0.11619697636408001,2.8960835669547755,0.37785390384324646,paper
amazon,INCA_AP3-CTRL,5395.389308264308,0.4949502147492304,8.855427064207325,0.11292510149418897,2.1270423562093868,0.26088393751779987,paper
amazon,SPRINTARS-T213_AP3-CTRL2016-PD,4392.27246079282,0.5910437826088037,5.289536081068983,0.1890524962253223,0.19323366147071355,0.28577553246284915,paper
amazon,TM5-met2010_AP3-CTRL2019,5083.361004659356,1.3463241596044435,7.627989878976328,0.13109613618603796,2.8960835669547755,0.3139036191486686,paper
se_asia,ECHAM6-SALSA_CTRL2016-PD,4797.65445188508,1.2896399417482196,5.684245051787727,0.1759248573714278,3.148002523614046,0.2051184593544986,paper
se_asia,ECMWF-IFS-CY42R1-CAMS-RA-CTRL_AP3-CTRL2016-PD,5672.383271711913,1.2261519548227602,2.6795988554334773,0.37319018776720236,6.594982681373532,0.1729383284796145,paper
se_asia,TM5_AP3-CTRL2016,4486.911402052934,1.426243124043939,2.5568704611200777,0.39110311421953464,6.77236738135454,0.13061804052001286,paper
se_asia,EC-Earth3-AerChem-met2010_AP3-CTRL2019,5189.794549501831,1.0709029047030731,3.553939575675942,0.2813778846562986,5.201301115964528,0.2266195929948487,paper
se_asia,INCA_AP3-CTRL,6045.097298800617,0.3233228803786379,2.4820070945742985,0.40289973472920915,8.723883139414271,0.1548793618777954,paper
se_asia,SPRINTARS-T213_AP3-CTRL2016-PD,6162.745200586627,0.3951015196640698,2.4841767862929287,0.402547840201129,4.865030711009084,0.2061480122747367,paper
se_asia,TM5-met2010_AP3-CTRL2019,4781.063818042923,1.2430532705220874,2.609927594164886,0.3831523917505366,6.77236738135454,0.1712514528640835,paper
boreal_na,ECHAM6-SALSA_CTRL2016-PD,4393.552105915524,1.8892014981384182,3.086495985603428,0.32399199761294817,2.8404332459873416,0.30967818784427503,paper
boreal_na,ECMWF-IFS-CY42R1-CAMS-RA-CTRL_AP3-CTRL2016-PD,5079.266230196263,1.2894429973664383,4.914559104989495,0.20347705229239227,1.59951847763934,0.19265661650410637,paper
boreal_na,TM5_AP3-CTRL2016,5447.510248116997,1.5509663176287216,5.859539494725248,0.170661875545032,2.5053093900605536,0.23768387123156856,paper
boreal_na,EC-Earth3-AerChem-met2010_AP3-CTRL2019,5614.845929919957,1.4277259575762873,5.79791237479868,0.1724758732723557,2.3431547657613554,0.15873595340016847,paper
boreal_na,INCA_AP3-CTRL,5769.533998054711,0.5112035900808124,4.909041678758099,0.20370574654664217,2.547377974348357,0.12542445283801384,paper
boreal_na,SPRINTARS-T213_AP3-CTRL2016-PD,10001.887392833576,0.26067103184467344,4.288803313734603,0.23316527405152096,1.365118978939347,0.23226799816946045,paper
boreal_na,TM5-met2010_AP3-CTRL2019,4979.529648469406,1.4949248067793535,6.331300017612355,0.15794544520370363,2.5053093900605536,0.16527126453123073,paper
eastern_siberia,ECHAM6-SALSA_CTRL2016-PD,3767.608310784718,1.9529707095598758,6.04849422389231,0.16533040505352137,3.9083549046918913,0.12415117677195096,paper
eastern_siberia,ECMWF-IFS-CY42R1-CAMS-RA-CTRL_AP3-CTRL2016-PD,4475.869445111011,1.1659848567812072,2.513897829860579,0.3977886404617566,1.6461114786961415,0.11545432353591402,paper
eastern_siberia,TM5_AP3-CTRL2016,5341.84329397401,1.4682628007454113,5.387251265781045,0.18562341919186867,2.6812625494812665,0.21084908858376206,paper
eastern_siberia,EC-Earth3-AerChem-met2010_AP3-CTRL2019,5974.8899878525535,1.2609800103653808,4.641727786687357,0.21543701956586855,3.206483037770177,0.15126766389143184,paper
eastern_siberia,INCA_AP3-CTRL,4358.095469393074,0.3999034411837676,2.3149269919883833,0.4319790660616299,3.610070957168045,0.12165314180405326,paper
eastern_siberia,SPRINTARS-T213_AP3-CTRL2016-PD,8547.782947727788,0.31670522021016,3.9351482408990694,0.25412003278726,1.4875238588448485,0.2803466610421499,paper
eastern_siberia,TM5-met2010_AP3-CTRL2019,5232.700267367041,1.3257312485835622,5.097196091765579,0.1961862918351288,2.6812625494812665,0.16135686179289793,paper
outflow_af,ECMWF-IFS-CY42R1-CAMS-RA-CTRL_AP3-CTRL2016-PD,4446.116670775657,1.1691481971111173,3.2976300556408464,0.30324808517845236,0.2717393251067635,0.3079867901486833,paper
outflow_af,TM5_AP3-CTRL2016,4988.865601149805,1.174793476058925,2.2391070313835124,0.44660660968141136,0.7701698587490217,0.275777374115579,paper
outflow_af,EC-Earth3-AerChem-met2010_AP3-CTRL2019,5451.6604019130455,1.0301058551488693,2.3538192219127954,0.42484146220344193,0.5386061085216696,0.341076844480703,paper
outflow_af,INCA_AP3-CTRL,4199.9075544767375,0.33378635036695375,3.574037470273239,0.2797956116345778,0.2831004246692935,0.2038865488056708,paper
outflow_af,SPRINTARS-T213_AP3-CTRL2016-PD,5032.642560213252,0.430746127731694,5.75151006808473,0.17386738233303708,0.6202158561060109,0.40100198254063113,paper
outflow_af,TM5-met2010_AP3-CTRL2019,5177.731233153642,1.1260241483837181,2.174389207104464,0.45989926584102897,0.7701698587490217,0.3001788943581959,paper
