region,model,MAC_model,MAC_c,tau_model,tau_c,E_model,E_c,AAOD_model,AAOD_c,dAAOD_E,dAAOD_tau,dAAOD_MAC,dAAOD_cross,dAAOD_total,pct_E,pct_tau,pct_MAC,pct_cross,lifetime_filtered,lifetime_raw
africa,CAM5-ATRAS_AP3-CTRL,0.5226747112600848,0.8809927589161803,2.739870541175206,3.049419468193626,2.558591590151661e-10,3.157871973205151e-10,0.03165747273007813,0.07329895258195875,-0.013910197992020422,-0.007440633327090273,-0.02981220596718098,0.009521557434411056,-0.04164147985188062,22.92212390317722,12.26115682461974,49.12648111829683,15.690238153906213,False,
africa,CAM5.3-Oslo_AP3-CTRL2016-PD,0.5657118234155833,0.8809927589161803,3.9756565549304907,3.049419468193626,1.6045840079096258e-10,3.157871973205151e-10,0.031180302018524418,0.07329895258195875,-0.036054147185316354,0.022263978114035632,-0.026231500891884824,-0.0020969806002687844,-0.04211865056343433,41.61057024664805,25.695152918807988,30.274123665344078,2.4201531691998834,False,
africa,CAM5_CTRL2016,1.5978919699078178,0.8809927589161803,3.049419468193626,3.049419468193626,4.632690199318702e-12,3.157871973205151e-10,0.035842997452338515,0.07329895258195875,-0.07222363558960421,0.0,0.05964630326492753,-0.024878622804943552,-0.03745595512962023,46.07610738177282,0.0,38.052217279355155,15.871675338872027,True,59.756672020179785
africa,EC-Earth3-AerChem-met2010_AP3-CTRL2019,1.050695210646053,0.8809927589161803,3.049419468193626,3.049419468193626,9.408495667985195e-12,3.157871973205151e-10,0.04426578503770183,0.07329895258195875,-0.07111509939320754,0.0,0.014119312374023219,0.027962619474927404,-0.029033167544256916,62.82417357843394,0.0,12.473217909591908,24.702608511974155,True,52.007826090102824
africa,ECHAM6-SALSA_CTRL2016-PD,1.038843030327695,0.8809927589161803,4.36582012689608,3.049419468193626,2.7698678628076887e-10,3.157871973205151e-10,0.10853968653904668,0.07329895258195875,-0.009006158302473116,0.03164234716394997,0.013133206195106483,-0.0005286610994954047,0.03524073395708793,16.5827591390355,58.26206957404209,24.181764048821503,0.9734072381009146,False,
africa,ECHAM6.3-HAM2.3-met2010_AP3-CTRL,1.027968223280059,0.8809927589161803,3.518948842476991,3.049419468193626,1.0263720420298561e-10,3.157871973205151e-10,0.03207828925025256,0.07329895258195875,-0.049475315563566186,0.011286086319183899,0.012228417866195312,-0.015259851953519216,-0.04122066333170619,56.06288908402188,12.788813942827057,13.856615702122548,17.291681271028505,False,
africa,ECHAM6.3-SALSA2.0-met2010_AP3-CTRL,1.3726600185562083,0.8809927589161803,3.598918294914155,3.049419468193626,1.0454736952703392e-10,3.157871973205151e-10,0.044623314354938576,0.07329895258195875,-0.04903193749536348,0.013208313537622028,0.040906914143984265,-0.03375892841326299,-0.02867563822702017,35.81428423640418,9.64771778322389,29.879542298840867,24.658455681531066,False,
africa,ECMWF-IFS-CY42R1-CAMS-RA-CTRL_AP3-CTRL2016-PD,0.8967678757233772,0.8809927589161803,2.6094812139854815,3.049419468193626,3.287367550163523e-10,3.157871973205151e-10,0.06646549193484488,0.07329895258195875,0.003005786882934033,-0.010574804014514457,0.0013124960757317631,-0.0005769395912652003,-0.006833460647113862,19.429746099093272,68.35672822190482,8.48412296038492,3.729402718616996,False,
africa,ECMWF-IFS-CY45R1-CAMS-CTRL-met2010_AP3-CTRL,0.6069331912575894,0.8809927589161803,3.0346146414953536,3.049419468193626,2.1900121893101338e-10,3.157871973205151e-10,0.03485015482008978,0.07329895258195875,-0.022465479603880362,-0.000355863895229738,-0.022801866475216308,0.0071744122124574455,-0.038448797761868964,42.550173044542625,0.6740150038779905,43.18729808427623,13.588513867303146,False,
africa,ECMWF-IFS-CY46R1-CAMS-CTRL-met2010_AP3-CTRL,0.5758682529651621,0.8809927589161803,3.115121229964674,3.049419468193626,2.4106006963827546e-10,3.157871973205151e-10,0.03736260166092175,0.07329895258195875,-0.01734528896371639,0.0015792744720226949,-0.02538648186031818,0.005216145430974879,-0.035936350921036996,35.02175009140839,3.1887019005919925,51.25766571384016,10.53188229415945,False,
africa,GEOS-Chem-v11-01_AP3-CTRL2016-PD,0.37886454552336885,0.8809927589161803,3.1503170059159635,3.049419468193626,1.518116218216409e-10,3.157871973205151e-10,0.01565514107232348,0.07329895258195875,-0.03806119448500691,0.0024252759944262342,-0.04177726971198082,0.01976937669292622,-0.05764381150963527,37.30278525956552,2.376949826177916,40.94481378956355,19.375451124693008,False,
africa,GEOS-i33p2-met2010_AP3-CTRL,0.5450596237079629,0.8809927589161803,2.9177167429632442,3.049419468193626,1.3071015836083173e-10,3.157871973205151e-10,0.017960160892803563,0.07329895258195875,-0.042959161162401734,-0.003165740860602233,-0.027949772230396516,0.018735882564245306,-0.05533879168915518,46.28693398188301,3.410970658027924,30.114863210348187,20.187232149740865,False,
africa,GFDL-AM4-met2010_AP3-CTRL,1.1651552779845218,0.8809927589161803,3.049419468193626,3.049419468193626,9.096875600945505e-12,3.157871973205151e-10,0.035833193282933606,0.07329895258195875,-0.07118743109224836,0.0,0.02364243610399755,0.010079235689225668,-0.03746575929902514,67.856295721033,0.0,22.53611503074982,9.607589248217183,True,39.373313755097655
africa,GISS-ModelE2p1p1-OMA_AP3-CTRL,1.102060671132405,0.8809927589161803,2.9014432713593727,3.049419468193626,1.2847742383776488e-10,3.157871973205151e-10,0.03549442540865588,0.07329895258195875,-0.043477412387666795,-0.003556906600795602,0.01839293938677124,-0.00916314757161171,-0.03780452717330286,58.288209905506726,4.7685845862406575,24.658585984742363,12.284619523510242,False,
africa,HadGEM3-GA7.1_AP3-CTRL2016-PD,1.5928374510124739,0.8809927589161803,3.0661226973906675,3.049419468193626,1.9012794427578917e-10,3.157871973205151e-10,0.08022702416970287,0.07329895258195875,-0.029167400415733548,0.0004014958314687956,0.05922576525586351,-0.023531789083854632,0.006928071587744125,25.96663587545947,0.3574365871715229,52.726463754886844,20.949463782482166,False,
africa,INCA_AP3-CTRL,0.7889639914520027,0.8809927589161803,2.7628262417112954,3.049419468193626,9.046061154968461e-11,3.157871973205151e-10,0.017036642750879124,0.07329895258195875,-0.052301685647842426,-0.006888846725531907,-0.007656830540618166,0.010585053082912882,-0.05626230983107962,67.54494868135417,8.896592772989575,9.888404542258082,13.67005400339816,False,
africa,MIROC-SPRINTARS_AP3-CTRL,0.4292598661394465,0.8809927589161803,2.5015300626044,3.049419468193626,1.9309356304606737e-10,3.157871973205151e-10,0.017914617966068837,0.07329895258195875,-0.02847903574654096,-0.013169627851897825,-0.03758435872740604,0.02384868770995493,-0.05538433461588991,27.627632231411692,12.77591131086599,36.46074431085125,23.135712146871057,False,
africa,NorESM2-met2010_AP3-CTRL,0.605513158567893,0.8809927589161803,3.947449421162752,3.049419468193626,1.6072958037911514e-10,3.157871973205151e-10,0.03319324510030808,0.07329895258195875,-0.0359912023289642,0.021585962714029284,-0.0229200137672723,-0.002780454099443448,-0.04010570748165067,43.21833014632676,25.920480637859967,27.522412641246053,3.3387765745672127,False,
africa,OsloCTM3v1.01-met2010_AP3-CTRL,1.2707603801200413,0.8809927589161803,4.3838960394118915,3.049419468193626,1.4404127085293664e-10,3.157871973205151e-10,0.06933054265283399,0.07329895258195875,-0.03986480967914078,0.03207683820993158,0.03242882316053501,-0.02860926162045057,-0.003968409929124755,29.97810935449176,24.121599258677172,24.386289932613746,21.51400145421732,False,
africa,SPRINTARS-T213_AP3-CTRL2016-PD,0.3630602630227151,0.8809927589161803,2.9388908454044134,3.049419468193626,1.816057269362625e-10,3.157871973205151e-10,0.016741927478737692,0.07329895258195875,-0.031145535089854258,-0.002656778565651001,-0.043092192385161966,0.020337480937446167,-0.056557025103221054,32.03219028822791,2.732412088060109,44.31894659816207,20.916451025549925,False,
africa,TM5-met2010_AP3-CTRL2019,0.9919827598765811,0.8809927589161803,3.049419468193626,3.049419468193626,9.408495667985195e-12,3.157871973205151e-10,0.038813907372931264,0.07329895258195875,-0.07111509939320754,0.0,0.009234412808882122,0.02739564137529793,-0.03448504520902748,66.00306095636066,0.0,8.570606196453687,25.426332847185655,True,47.643623298381094
africa,TM5_AP3-CTRL2016,0.9122016698463663,0.8809927589161803,3.4885845691604156,3.049419468193626,1.3416584019719543e-10,3.157871973205151e-10,0.036888909385697596,0.07329895258195875,-0.042157045493333406,0.010556219715644539,0.002596593966584373,-0.007405811385156651,-0.03641004319626115,67.2193171442192,16.831869325903803,4.140263419603316,11.80855011027367,False,
amazon,CAM5-ATRAS_AP3-CTRL,0.45263351250273687,0.5467399093236098,1.3857650751909476,1.6009753057207563,4.983421540939898e-10,3.802110818661763e-10,0.02700708335894938,0.028754374385172737,0.008933945482830519,-0.003865291062304998,-0.004949283050462983,-0.0018666623962858963,-0.0017472910262233583,45.546074905279276,19.705608971174605,25.231899721912875,9.516416401633238,False,
amazon,CAM5.3-Oslo_AP3-CTRL2016-PD,0.339731906060267,0.5467399093236098,3.7329007635818843,1.6009753057207563,2.0623265208747833e-10,3.802110818661763e-10,0.022597164627289116,0.028754374385172737,-0.013157535756840347,0.03829052363116966,-0.010887051640194174,-0.02040314599201876,-0.006157209757883621,15.902602049768072,46.279103537086435,13.158425173898882,24.659869239246618,False,
amazon,CAM5_CTRL2016,2.1323918077512483,0.5467399093236098,1.6009753057207563,1.6009753057207563,1.3348887744495407e-12,3.802110818661763e-10,0.025425638196643837,0.028754374385172737,-0.028653420222041332,0.0,0.08339326900125985,-0.058068584967747416,-0.0033287361885288996,16.843531751218293,0.0,49.02162336558016,34.13484488320154,True,130.23830136991617
amazon,EC-Earth3-AerChem-met2010_AP3-CTRL2019,0.7437980896444536,0.5467399093236098,1.6009753057207563,1.6009753057207563,7.714963445408295e-12,3.802110818661763e-10,0.04465540914881598,0.028754374385172737,-0.028170911782798423,0.0,0.010363766383208371,0.03370818016323329,0.015901034763643244,38.99473585944249,0.0,14.345731360706235,46.65953277985127,True,86.06506774640808
amazon,ECHAM6-SALSA_CTRL2016-PD,0.9792368908938418,0.5467399093236098,2.1288625462525492,1.6009753057207563,4.76472341221052e-10,3.802110818661763e-10,0.0858196670875615,0.028754374385172737,0.007279988465071991,0.00948113771222306,0.02274606246306917,0.017558104062024543,0.05706529270238876,12.757296283468023,16.61454320697137,39.85971399760649,30.768446511954117,False,
amazon,ECHAM6.3-HAM2.3-met2010_AP3-CTRL,0.7929354745821032,0.5467399093236098,1.6684551856404701,1.6009753057207563,2.606046183641449e-10,3.802110818661763e-10,0.029788473213728194,0.028754374385172737,-0.009045525484274066,0.0012119748029495137,0.012948020319515105,-0.004080370809635095,0.0010340988285554575,33.150925312434566,4.441763636947662,47.45316955906827,14.9541414915495,False,
amazon,ECHAM6.3-SALSA2.0-met2010_AP3-CTRL,1.1801039238913482,0.5467399093236098,1.7458263615009126,1.6009753057207563,2.74145531096057e-10,3.802110818661763e-10,0.048799594649126796,0.028754374385172737,-0.008021461503026416,0.002601602581318413,0.033310145622088214,-0.007845066436426153,0.02004522026395406,15.491943920447932,5.0245059803467464,64.33228006699882,15.1512700322065,False,
amazon,ECMWF-IFS-CY42R1-CAMS-RA-CTRL_AP3-CTRL2016-PD,0.8628052348277611,0.5467399093236098,1.2595316626251427,1.6009753057207563,4.832244075368211e-10,3.802110818661763e-10,0.04537163875275051,0.028754374385172737,0.007790629664071748,-0.0061325107950922,0.01662264002450679,-0.0016634945259085682,0.01661726436757777,24.187534993428912,19.03958034841933,51.608240233793154,5.164644424358608,False,
amazon,ECMWF-IFS-CY45R1-CAMS-CTRL-met2010_AP3-CTRL,0.5575134856740803,0.5467399093236098,1.3011179347323982,1.6009753057207563,4.605699740882972e-10,3.802110818661763e-10,0.028865654180983403,0.028754374385172737,0.00607733383464583,-0.005385599063735201,0.0005666084413554517,-0.0011470634164554145,0.00011127979581066622,46.12215321849123,40.87243385823212,4.300109564181875,8.705303359094769,False,
amazon,ECMWF-IFS-CY46R1-CAMS-CTRL-met2010_AP3-CTRL,0.5761311414638506,0.5467399093236098,1.4621467953928422,1.6009753057207563,4.785793217555086e-10,3.802110818661763e-10,0.034832127369309636,0.028754374385172737,0.007439333918162606,-0.0024934344377707334,0.001545755995108421,-0.00041390249136339426,0.006077752984136899,62.55522120712964,20.966573692762402,12.997817986121019,3.4803871139869513,False,
amazon,GEOS-Chem-v11-01_AP3-CTRL2016-PD,0.3016645079271083,0.5467399093236098,1.979384097355721,1.6009753057207563,3.124288119955024e-10,3.802110818661763e-10,0.016118295492283073,0.028754374385172737,-0.005126196624705901,0.006796424670906484,-0.01288910819235705,-0.0014171987467331958,-0.012636078892889663,19.54405677134607,25.91194199812693,49.140811538398644,5.403189692128353,False,
amazon,GEOS-i33p2-met2010_AP3-CTRL,0.4072826235464964,0.5467399093236098,1.382475515723391,1.6009753057207563,3.56551087176553e-10,3.802110818661763e-10,0.017345580449092957,0.028754374385172737,-0.0017893438084902666,-0.003924373313077023,-0.007334396003642861,0.0016393191891303713,-0.01140879393607978,12.182822498818844,26.719260583385573,49.9365433431254,11.161373574670176,False,
amazon,GFDL-AM4-met2010_AP3-CTRL,0.8435783617197867,0.5467399093236098,1.6009753057207563,1.6009753057207563,8.451778279995772e-12,3.802110818661763e-10,0.03564841650653798,0.028754374385172737,-0.028115188394878515,0.0,0.015611452258303914,0.019397778257939844,0.006894042121365244,44.5393223095868,0.0,24.73124113868593,30.72943655172726,True,61.03819472757797
amazon,GISS-ModelE2p1p1-OMA_AP3-CTRL,0.8894362055694858,0.5467399093236098,1.4265001741993244,1.6009753057207563,2.9005057336273843e-10,3.802110818661763e-10,0.03179611827217542,0.028754374385172737,-0.006818604559185084,-0.003133666855911245,0.0180232271956454,-0.005029211893546387,0.0030417438870026826,20.65948906989862,9.49460488527571,54.60804509496832,15.237860949857351,False,
amazon,HadGEM3-GA7.1_AP3-CTRL2016-PD,1.1204836885994038,0.5467399093236098,1.4874432851806627,1.6009753057207563,4.778485059782057e-10,3.802110818661763e-10,0.06880974194738496,0.028754374385172737,0.00738406422332884,-0.002039095925870812,0.030174573227825782,0.0045358260369284045,0.040055367562212216,16.731177637564844,4.620284320929041,68.37103924657706,10.277498794929055,False,
amazon,INCA_AP3-CTRL,0.7393976690448891,0.5467399093236098,1.5246178000636215,1.6009753057207563,2.0852941622512033e-10,3.802110818661763e-10,0.020310477459074668,0.028754374385172737,-0.012983837463870964,-0.001371421718334837,0.010132337619340301,-0.004220975363232569,-0.008443896926098069,45.226343509344865,4.777046069944837,35.29377065910382,14.702839761606482,False,
amazon,MIROC-SPRINTARS_AP3-CTRL,0.34750151828258763,0.5467399093236098,1.233994057959826,1.6009753057207563,5.265032392702714e-10,3.802110818661763e-10,0.01950673413517499,0.028754374385172737,0.011063695047932757,-0.0065911798593951375,-0.010478428938872424,-0.0032417264996629416,-0.009247640249997746,35.262738955060435,21.007724253131034,33.39735077022479,10.332186021583745,False,
amazon,NorESM2-met2010_AP3-CTRL,0.40627970327359886,0.5467399093236098,2.7326792259768258,1.6009753057207563,3.8327098925343034e-10,3.802110818661763e-10,0.03676490702309817,0.028754374385172737,0.00023141283038148654,0.020326008839693252,-0.007387142006840347,-0.005159747025308959,0.008010532637925432,0.6990413800277061,61.399885418329205,22.314743458301514,15.58632974334159,False,
amazon,OsloCTM3v1.01-met2010_AP3-CTRL,0.906463015416473,0.5467399093236098,2.0668939561276116,1.6009753057207563,3.5427599767764117e-10,3.802110818661763e-10,0.0573487236462455,0.028754374385172737,-0.0019614029049542406,0.008368148627253021,0.01891870831304016,0.003268895225733825,0.028594349261072762,6.031901931988582,25.734565674599473,58.18069960838449,10.05283278502747,False,
amazon,SPRINTARS-T213_AP3-CTRL2016-PD,0.34531305693956227,0.5467399093236098,2.9825982064944574,1.6009753057207563,2.2487290906454533e-10,3.802110818661763e-10,0.02001053191870182,0.028754374385172737,-0.01174782164455399,0.024814687650719276,-0.010593525414750104,-0.011217183057886097,-0.008743842466470916,20.125362441493376,42.51039877462621,18.14792094701668,19.216317836863738,False,
amazon,TM5-met2010_AP3-CTRL2019,0.6923000638857811,0.5467399093236098,1.6009753057207563,1.6009753057207563,7.714963445408295e-12,3.802110818661763e-10,0.03443626177641567,0.028754374385172737,-0.028170911782798423,0.0,0.007655360635777062,0.026197438538264294,0.005681887391242934,45.419584459242714,0.0,12.342635610926553,42.23777992983073,True,68.94607726350885
amazon,TM5_AP3-CTRL2016,0.7966145198067396,0.5467399093236098,1.7081185011900932,1.6009753057207563,3.73021088773432e-10,3.802110818661763e-10,0.04385441706600899,0.028754374385172737,-0.0005437604611649497,0.0019243492041009782,0.013141510207421861,0.0005779437304783627,0.015100042680836253,3.3591247855149415,11.887824822041729,81.18275566096614,3.5702947314772056,False,
boreal_na_west,CAM5-ATRAS_AP3-CTRL,0.342371820672176,0.6789726457436494,1.4037307468979594,1.4681098312722285,1.0380470519966682e-10,4.25732870574267e-10,0.004310350701088364,0.036665849409362135,-0.027725765258236525,-0.0016078591413927154,-0.018177102185936076,0.015155227877291552,-0.03235549870827377,44.24374526150405,2.565761832201438,29.006343782268473,24.184149124026032,False,
boreal_na_west,CAM5.3-Oslo_AP3-CTRL2016-PD,0.35189272958944856,0.6789726457436494,2.719943307468081,1.4681098312722285,4.2305148913016186e-11,4.25732870574267e-10,0.0034984616423613508,0.036665849409362135,-0.033022357617918004,0.03126437596567282,-0.017662954502978064,-0.013746451611777538,-0.03316738776700078,34.507512760714434,32.67046723538113,18.457332300608222,14.364687703296216,False,
boreal_na_west,CAM5_CTRL2016,1.588426474281892,0.6789726457436494,1.4681098312722285,1.4681098312722285,4.2938947523691025e-13,4.25732870574267e-10,0.0049610588826660374,0.036665849409362135,-0.03662886863826085,0.0,0.0491122835816585,-0.04418820547009375,-0.0317047905266961,28.191372057460956,0.0,37.799219864405956,34.00940807813309,True,94.46567398043322
boreal_na_west,EC-Earth3-AerChem-met2010_AP3-CTRL2019,0.5941737372825903,0.6789726457436494,1.4681098312722285,1.4681098312722285,4.5492056429030295e-12,4.25732870574267e-10,0.011411436412123555,0.036665849409362135,-0.03627405328422407,0.0,-0.004579306732314788,0.015598947019300279,-0.02525441299723858,64.25610429206239,0.0,8.111815039565315,27.632080668372293,True,51.68044874743201
boreal_na_west,ECHAM6-SALSA_CTRL2016-PD,0.5637132868169537,0.6789726457436494,1.7097211794141802,1.4681098312722285,4.331214290271653e-10,4.25732870574267e-10,0.03606674728010617,0.036665849409362135,0.000636332757723912,0.006034211554110277,-0.006224230569402688,-0.0010454158716874653,-0.0005991021292559642,4.5647349380095354,43.28643460523977,44.64953657895235,7.499293877798338,False,
boreal_na_west,ECHAM6.3-HAM2.3-met2010_AP3-CTRL,0.4076837559262622,0.6789726457436494,1.262147810435671,1.4681098312722285,1.434243145439287e-10,4.25732870574267e-10,0.006376320686988495,0.036665849409362135,-0.024313563076349683,-0.005143874306390921,-0.014650130079368358,0.013818038739735323,-0.03028952872237364,41.97377407087985,8.88013892934822,25.291284873773,23.85480212599894,False,
boreal_na_west,ECHAM6.3-SALSA2.0-met2010_AP3-CTRL,0.825589139184964,0.6789726457436494,1.2623337369965368,1.4681098312722285,1.470320310129185e-10,4.25732870574267e-10,0.013239264512440058,0.036665849409362135,-0.024002851834849296,-0.0051392308150548524,0.007917577097027338,-0.002202079344045267,-0.02342658489692208,61.135477924781235,13.089666769845062,20.166139555562832,5.6087157498108775,False,
boreal_na_west,ECMWF-IFS-CY42R1-CAMS-RA-CTRL_AP3-CTRL2016-PD,0.8118997990402487,0.6789726457436494,1.6017117727116972,1.4681098312722285,2.556649654816456e-10,4.25732870574267e-10,0.028725775600433146,0.036665849409362135,-0.014646940907053978,0.003336690866903973,0.0071783259837370165,-0.0038081497525159994,-0.007940073808928989,50.55880756359442,11.517702741447902,24.778389176522396,13.14510051843528,False,
boreal_na_west,ECMWF-IFS-CY45R1-CAMS-CTRL-met2010_AP3-CTRL,0.4523472780258828,0.6789726457436494,1.2420457791683008,1.4681098312722285,2.0152472939299697e-10,4.25732870574267e-10,0.009782540932297263,0.036665849409362135,-0.019309718626650832,-0.005645919886068678,-0.012238212624869457,0.010310542660524096,-0.026883308477064872,40.64827920700219,11.885047749610354,25.762275121076428,21.704397922311017,False,
boreal_na_west,ECMWF-IFS-CY46R1-CAMS-CTRL-met2010_AP3-CTRL,0.47153290202140513,0.6789726457436494,1.2721954022029769,1.4681098312722285,2.1516418297110738e-10,4.25732870574267e-10,0.011151917416309212,0.036665849409362135,-0.01813503331225075,-0.0048929370271632916,-0.01120215144530014,0.008716189791661264,-0.02551393199305292,42.227219629791776,11.393148439445664,26.084082739860687,20.29554919090187,False,
boreal_na_west,GEOS-Chem-v11-01_AP3-CTRL2016-PD,0.3471072078923996,0.6789726457436494,1.4912594867815614,1.4681098312722285,1.5364157686489643e-10,4.25732870574267e-10,0.00687130695729836,0.036665849409362135,-0.023433610816306374,0.0005781595931744831,-0.017921382024306334,0.010982290795374446,-0.029794542452063776,44.28501281718857,1.0926103192042433,33.86796165855393,20.754415205053256,False,
boreal_na_west,GEOS-i33p2-met2010_AP3-CTRL,0.30732058633978926,0.6789726457436494,1.5211449856510217,1.4681098312722285,1.3760356932968106e-10,4.25732870574267e-10,0.005557835712469107,0.036665849409362135,-0.02481486937010141,0.0013245459858885224,-0.02006993732104811,0.012452247008367973,-0.031108013696893026,42.3017263476961,2.2579438559328042,34.21307538267007,21.22725441370102,False,
boreal_na_west,GFDL-AM4-met2010_AP3-CTRL,0.7839703591452917,0.6789726457436494,1.4681098312722285,1.4681098312722285,4.274390470760325e-12,4.25732870574267e-10,0.012099854313223817,0.036665849409362135,-0.03629772148654916,0.0,0.005670081662414293,0.0060616447279965464,-0.02456599509613832,75.57388870997492,0.0,11.805427530501063,12.620683759524024,True,45.164797053431464
boreal_na_west,GISS-ModelE2p1p1-OMA_AP3-CTRL,0.581766206233412,0.6789726457436494,1.45730046171081,1.4681098312722285,1.4983878534484996e-10,4.25732870574267e-10,0.010975784691667977,0.036665849409362135,-0.023761122716012738,-0.00026996257916593114,-0.005249337650118386,0.0035903582276028967,-0.02569006471769416,72.28645583757041,0.8212843429121166,15.969616366909342,10.922643452608112,False,
boreal_na_west,HadGEM3-GA7.1_AP3-CTRL2016-PD,0.5748766253549294,0.6789726457436494,1.524077216712572,1.4681098312722285,2.7469520795769014e-10,4.25732870574267e-10,0.020794402552659588,0.036665849409362135,-0.0130079788886665,0.001397778069923467,-0.005621388478038541,0.001360142440079027,-0.015871446856702547,60.82107728504103,6.535555503724057,26.283783668338245,6.35958354289667,False,
boreal_na_west,INCA_AP3-CTRL,0.5433565394991625,0.6789726457436494,1.211546639701725,1.4681098312722285,1.1893875607183015e-10,4.25732870574267e-10,0.006764912292128911,0.036665849409362135,-0.02642235913532226,-0.0064076318717636,-0.0073235346964505,0.010252588586303138,-0.029900937117233226,52.41895652458235,12.712013139753573,14.529060213488275,20.339970122175792,False,
boreal_na_west,MIROC-SPRINTARS_AP3-CTRL,0.254193940062321,0.6789726457436494,1.3969823331803777,1.4681098312722285,2.430152887468237e-10,4.25732870574267e-10,0.00745595788591835,0.036665849409362135,-0.015736382606987693,-0.0017763998839518077,-0.022938880015934755,0.011241770983430474,-0.029209891523443783,30.44174384342085,3.436413029683891,44.37484312245774,21.747000004437517,False,
boreal_na_west,NorESM2-met2010_AP3-CTRL,0.3224080115049847,0.6789726457436494,1.4671266985707057,1.4681098312722285,2.1065372061771151e-10,4.25732870574267e-10,0.008609071645199839,0.036665849409362135,-0.018523492707441757,-2.455360955673046e-05,-0.01925518688515067,0.009746455437986863,-0.028056777764162294,38.95607571193713,0.05163779250492316,40.494874805337076,20.497411690220865,False,
boreal_na_west,OsloCTM3v1.01-met2010_AP3-CTRL,0.6274778978729069,0.6789726457436494,1.0982249198984728,1.4681098312722285,1.9539417649392282e-10,4.25732870574267e-10,0.011633625665606813,0.036665849409362135,-0.019837706820492608,-0.009237826878029117,-0.002780816992610597,0.006824126947377003,-0.02503222374375532,51.28609580752095,23.88240125771396,7.189200243592868,17.64230269117223,False,
boreal_na_west,SPRINTARS-T213_AP3-CTRL2016-PD,0.26767745368526663,0.6789726457436494,1.3865008114394008,1.4681098312722285,1.6442505838906169e-10,4.25732870574267e-10,0.005272464541238909,0.036665849409362135,-0.02250489345149414,-0.0020381745070415357,-0.022210743936952472,0.015360427027364926,-0.03139338486812322,36.2314564933261,3.28133217501543,35.75789436064505,24.729316971013414,False,
boreal_na_west,TM5-met2010_AP3-CTRL2019,0.6062064044460417,0.6789726457436494,1.4681098312722285,1.4681098312722285,4.5492056429030295e-12,4.25732870574267e-10,0.012320372220264783,0.036665849409362135,-0.03627405328422407,0.0,-0.003929519196728767,0.01585809529185548,-0.024345477189097353,64.70384261707271,0.0,7.009279874892892,28.28687750803439,True,55.189550593287095
boreal_na_west,TM5_AP3-CTRL2016,0.5951118172022801,0.6789726457436494,1.5386508789063804,1.4681098312722285,2.3788674683456476e-10,4.25732870574267e-10,0.018820131481473414,0.036665849409362135,-0.016178073532076096,0.0017617533611167923,-0.004528648583882869,0.0010992508269534532,-0.01784571792788872,68.6450331414034,7.4752792797648775,19.215466632046883,4.664220946784849,False,
indonesia_peatland,CAM5-ATRAS_AP3-CTRL,1.0863756587357902,3.6032361272560713,4.1722375233159115,1.520162123512801,3.1166569582411424e-11,6.995625531983351e-11,0.012205393812618199,0.033107236200328544,-0.01835746184489174,0.05775889645208817,-0.023125404794946083,-0.037177872199960695,-0.020901842387710347,13.456612609771076,42.339137125316206,16.951668830858853,27.25258143405386,False,
indonesia_peatland,CAM5.3-Oslo_AP3-CTRL2016-PD,1.8912886068255585,3.6032361272560713,6.715375915067396,1.520162123512801,1.9530296740804386e-11,6.995625531983351e-11,0.021431408754283218,0.033107236200328544,-0.023864400884113447,0.1131452806564773,-0.015729707662711784,-0.0852269995556974,-0.011675827446045325,10.0284754534314,47.54674861711878,6.610054363031083,35.81472156641873,False,
indonesia_peatland,CAM5_CTRL2016,7.737389188504518,3.6032361272560713,8.753079807212474,1.520162123512801,4.257762001204239e-12,6.995625531983351e-11,0.02491440126134632,0.033107236200328544,-0.031092223652641655,0.15752393147280114,0.03798540452337574,-0.17260994728251744,-0.008192834938982225,7.788408678808321,39.4587652754947,9.51510762186251,43.23771842383446,False,
indonesia_peatland,EC-Earth3-AerChem-met2010_AP3-CTRL2019,1.222252777859476,3.6032361272560713,1.520162123512801,1.520162123512801,1.9929221419932168e-12,6.995625531983351e-11,0.013651676956315046,0.033107236200328544,-0.03216407330828724,0.0,-0.021876939327190644,0.03458545339146438,-0.019455559244013498,36.291724978077575,0.0,24.684431533736323,39.0238434881861,True,70.56407024093414
indonesia_peatland,ECHAM6-SALSA_CTRL2016-PD,1.9138141571259233,3.6032361272560713,5.534109981918312,1.520162123512801,3.221500621284169e-11,6.995625531983351e-11,0.02947945909714154,0.033107236200328544,-0.017861282639672182,0.08741878105537151,-0.015522738513869334,-0.057662537005017,-0.0036277771031870028,10.008264191996128,48.98361857849655,8.69790099424399,32.31021623526333,False,
indonesia_peatland,ECHAM6.3-HAM2.3-met2010_AP3-CTRL,1.6724350731594049,3.6032361272560713,4.143514208859311,1.520162123512801,1.7775982926929828e-11,6.995625531983351e-11,0.010643034406068518,0.033107236200328544,-0.024694640889669852,0.05713333846622445,-0.017740576608422425,-0.0371623227623922,-0.022464201794260025,18.060763683840804,41.78524924162873,12.974813570738059,27.17917350379241,False,
indonesia_peatland,ECHAM6.3-SALSA2.0-met2010_AP3-CTRL,2.4670471095079125,3.6032361272560713,4.896705735320325,1.520162123512801,1.9389344124041103e-11,6.995625531983351e-11,0.02023756747949191,0.033107236200328544,-0.02393110759325477,0.07353691107531454,-0.010439526262036257,-0.05203594594086015,-0.012869668720836634,14.962226635709957,45.97680760538764,6.527009136261569,32.53395662264082,False,
indonesia_peatland,ECMWF-IFS-CY42R1-CAMS-RA-CTRL_AP3-CTRL2016-PD,1.6010347016112314,3.6032361272560713,2.8720166778283764,1.520162123512801,5.6613723794961084e-11,6.995625531983351e-11,0.022491745820331532,0.033107236200328544,-0.0063144366530871725,0.029441707135021082,-0.01839661714591468,-0.015346143716016239,-0.010615490379997011,9.085663558128628,42.36283619615937,26.470369912375745,22.08113033333625,False,
indonesia_peatland,ECMWF-IFS-CY45R1-CAMS-CTRL-met2010_AP3-CTRL,1.556501353953126,3.6032361272560713,2.8663129922833765,1.520162123512801,3.8303881424147804e-11,6.995625531983351e-11,0.014764870486645636,0.033107236200328544,-0.014979684290912582,0.029317487973373805,-0.01880579822859632,-0.013874371167547809,-0.018342365713682907,19.459861782435063,38.0858670109729,24.430303545105748,18.02396766148629,False,
indonesia_peatland,ECMWF-IFS-CY46R1-CAMS-CTRL-met2010_AP3-CTRL,1.7120927279559965,3.6032361272560713,3.2508671181568483,1.520162123512801,3.78161278871746e-11,6.995625531983351e-11,0.01818516729952917,0.033107236200328544,-0.015210516708718397,0.03769259749635271,-0.017376194342555853,-0.020027955345877833,-0.014922068900799373,16.843071147250637,41.738167973732274,19.24119233979539,22.177568539221696,False,
indonesia_peatland,GEOS-Chem-v11-01_AP3-CTRL2016-PD,1.1697403313529164,3.6032361272560713,4.83801297492264,1.520162123512801,1.6405170501843455e-11,6.995625531983351e-11,0.008021414963628175,0.033107236200328544,-0.02534338645982922,0.07225865591313145,-0.02235943392608714,-0.049641656763915465,-0.02508582123670037,14.942758427947656,42.60455252693135,13.18338495420745,29.269304090913558,False,
indonesia_peatland,GEOS-i33p2-met2010_AP3-CTRL,1.0897967238380422,3.6032361272560713,4.410365071867391,1.520162123512801,2.4567575566636874e-11,6.995625531983351e-11,0.010202252810543131,0.033107236200328544,-0.0214804771144478,0.06294501763861084,-0.023093971381648464,-0.04127555253229999,-0.022904983389785413,14.436287791676422,42.303175336452234,15.520661638096344,27.739875233775003,False,
indonesia_peatland,GFDL-AM4-met2010_AP3-CTRL,2.2688080132080617,3.6032361272560713,1.520162123512801,1.520162123512801,1.9646182006835908e-12,6.995625531983351e-11,0.01635284192323583,0.033107236200328544,-0.03217746832587435,0.0,-0.01226098573722663,0.027684059786008266,-0.016754394277092712,44.615012162768316,0.0,17.000219602547954,38.38476823468374,True,54.00612573960716
indonesia_peatland,GISS-ModelE2p1p1-OMA_AP3-CTRL,1.7616715532350529,3.6032361272560713,3.664811659559387,1.520162123512801,2.190833556075007e-11,6.995625531983351e-11,0.012220802590371655,0.033107236200328544,-0.022738979110956136,0.046707793635026355,-0.016920654427579895,-0.02793459370644721,-0.020886433609956886,19.893768225521356,40.86348891771443,14.803460426428181,24.439282430336036,False,
indonesia_peatland,HadGEM3-GA7.1_AP3-CTRL2016-PD,2.061337079931463,3.6032361272560713,4.188013364913528,1.520162123512801,2.950947467090528e-11,6.995625531983351e-11,0.022010620971907823,0.033107236200328544,-0.019141692395694854,0.058102474617832967,-0.0141672691308497,-0.03589012831970913,-0.01109661522842072,15.036494230277086,45.641602962565635,11.128904181571519,28.19299862558577,False,
indonesia_peatland,INCA_AP3-CTRL,2.4604915195575794,3.6032361272560713,3.9849165255843237,1.520162123512801,1.3204552501112978e-11,6.995625531983351e-11,0.011186095714092998,0.033107236200328544,-0.026858098984860065,0.05367927861313689,-0.010499760300898277,-0.038242559813614095,-0.021921140486235544,20.775187024792395,41.521816312185564,8.121739520344114,29.581257142677924,False,
indonesia_peatland,MIROC-SPRINTARS_AP3-CTRL,1.556230739691377,3.6032361272560713,3.035181972269034,1.520162123512801,3.1035840261012363e-11,6.995625531983351e-11,0.012665897640628613,0.033107236200328544,-0.01841933031543922,0.03299524386586669,-0.018808284685205463,-0.016208967424921936,-0.02044133855969993,21.310819296276804,38.174877567219724,21.7608321983006,18.753470938202874,False,
indonesia_peatland,NorESM2-met2010_AP3-CTRL,0.9150645086131081,3.6032361272560713,7.8903987300671234,1.520162123512801,1.9716258716584157e-11,6.995625531983351e-11,0.012299541219864152,0.033107236200328544,-0.023776393213773273,0.13873581292620424,-0.02469944504947157,-0.1110676696434238,-0.020807694980464392,7.971183904865896,46.51204533348742,8.280642781572768,37.2361279800739,False,
indonesia_peatland,OsloCTM3v1.01-met2010_AP3-CTRL,1.9202408509308702,3.6032361272560713,4.713531945578779,1.520162123512801,2.321526411779528e-11,6.995625531983351e-11,0.01815471898205032,0.033107236200328544,-0.02212046698166577,0.06954761425697975,-0.015463688797927018,-0.04691597569566519,-0.014952517218278224,14.359487622827704,45.146791292789075,10.038244132962289,30.455476951420934,False,
indonesia_peatland,SPRINTARS-T213_AP3-CTRL2016-PD,1.3062931382282197,3.6032361272560713,7.494406418741835,1.520162123512801,1.6835320479065574e-11,6.995625531983351e-11,0.014240099279783798,0.033107236200328544,-0.02513981528763955,0.13011159398153982,-0.02110476010750472,-0.1027341555069403,-0.018867136920544744,9.007770261517448,46.61988696161144,7.561981991423394,36.81036078544771,False,
indonesia_peatland,TM5-met2010_AP3-CTRL2019,1.2426765937696669,3.6032361272560713,1.520162123512801,1.520162123512801,1.9929221419932168e-12,6.995625531983351e-11,0.012434436147098877,0.033107236200328544,-0.03216407330828724,0.0,-0.021689281323782016,0.03318055457883958,-0.02067280005322967,36.95579527554507,0.0,24.920495379820856,38.123709344634065,True,63.12088470173234
indonesia_peatland,TM5_AP3-CTRL2016,1.2652416610689012,3.6032361272560713,4.746921666313197,1.520162123512801,2.4433884937069585e-11,6.995625531983351e-11,0.012679198924695653,0.033107236200328544,-0.021543747042642485,0.07027480075499806,-0.02148194908504778,-0.04767714190294069,-0.02042803727563289,13.383068111299542,43.65500779184724,13.344678954854656,29.61724514199855,False,
